<?xml version="1.0"?>
<!--
/**
 * Copyright © Magento, Inc. All rights reserved.
 * See COPYING.txt for license details.
 */
-->
<schema xmlns:xsi="http://www.w3.org/2001/XMLSchema-instance" xsi:noNamespaceSchemaLocation="urn:magento:framework:Setup/Declaration/Schema/etc/schema.xsd">
        <table name="rv_crud" resource="default" engine="innodb" comment=" Rv Crud Module">
                <column xsi:type="int" name="id" unsigned="true" nullable="false" identity="true" comment="ID"/>
                <column xsi:type="varchar" name="name" nullable="false" length="32" default="simple" comment="Name"/>
                <column xsi:type="varchar" name="email" nullable="false" length="64" comment="Email"/>
                <column xsi:type="varchar" name="address" nullable="false" length="64" comment="Address"/>
                <column xsi:type="timestamp" name="created_at" on_update="false" nullable="false" default="CURRENT_TIMESTAMP" comment="Creation Time"/>
                <column xsi:type="timestamp" name="updated_at" on_update="true" nullable="false" default="CURRENT_TIMESTAMP" comment="Update Time"/>
                <constraint xsi:type="primary" referenceId="PRIMARY">
                        <column name="id"/>
                </constraint>
        </table>
</schema>
